{
    "DecisionModel": {
        "loss": [
            0.6826556324958801,
            0.3941454291343689,
            0.26413047313690186,
            0.23710420727729797,
            0.22851859033107758,
            0.22290830314159393,
            0.218776136636734,
            0.2164086550474167,
            0.2137049287557602,
            0.21236710250377655,
            0.21047160029411316,
            0.20922109484672546,
            0.2079746127128601,
            0.2072366178035736,
            0.2067171037197113,
            0.2059030383825302,
            0.2048427015542984,
            0.20472191274166107,
            0.20407864451408386,
            0.2035677134990692
        ],
        "accuracy": [
            0.2627408504486084,
            0.3222676217556,
            0.35018211603164673,
            0.37064531445503235,
            0.37626156210899353,
            0.3871048390865326,
            0.39272111654281616,
            0.39322155714035034,
            0.3951677978038788,
            0.3921928405761719,
            0.3978646993637085,
            0.39850419759750366,
            0.40103429555892944,
            0.40036699175834656,
            0.4003947973251343,
            0.4024800658226013,
            0.4030917286872864,
            0.4008674621582031,
            0.40261906385421753,
            0.40412044525146484
        ],
        "auc": [
            0.7098347544670105,
            0.755487322807312,
            0.7849047780036926,
            0.8120238184928894,
            0.8259655833244324,
            0.8350275754928589,
            0.842167854309082,
            0.8459081649780273,
            0.8497515916824341,
            0.8519315123558044,
            0.8559245467185974,
            0.8572078347206116,
            0.858657717704773,
            0.8605780005455017,
            0.8615237474441528,
            0.8621212840080261,
            0.8641083836555481,
            0.8648567199707031,
            0.8655195236206055,
            0.866701066493988
        ],
        "val_loss": [
            0.42562609910964966,
            0.26082220673561096,
            0.23597745597362518,
            0.23343072831630707,
            0.23216906189918518,
            0.23070202767848969,
            0.22985276579856873,
            0.22905844449996948,
            0.22878941893577576,
            0.22828558087348938,
            0.22768588364124298,
            0.22746507823467255,
            0.2270394116640091,
            0.22702518105506897,
            0.22694340348243713,
            0.2265387326478958,
            0.22667378187179565,
            0.22669371962547302,
            0.22647735476493835,
            0.22613610327243805
        ],
        "val_accuracy": [
            0.3054366111755371,
            0.3132217526435852,
            0.33177632093429565,
            0.3355391323566437,
            0.3389126658439636,
            0.3400804400444031,
            0.34085896611213684,
            0.33904242515563965,
            0.3356688618659973,
            0.34085896611213684,
            0.34319448471069336,
            0.34137797355651855,
            0.3403399586677551,
            0.3416374623775482,
            0.3398209512233734,
            0.3411184549331665,
            0.3415077328681946,
            0.342415988445282,
            0.3448812663555145,
            0.3411184549331665
        ],
        "val_auc": [
            0.7895867228507996,
            0.8082950711250305,
            0.8175111413002014,
            0.8232207894325256,
            0.8274824023246765,
            0.8297337293624878,
            0.8314766883850098,
            0.8324278593063354,
            0.8331202268600464,
            0.8338597416877747,
            0.8345540761947632,
            0.834549605846405,
            0.8354443311691284,
            0.8358162045478821,
            0.8360487818717957,
            0.8360261917114258,
            0.8366586565971375,
            0.8364955186843872,
            0.8368934988975525,
            0.836866557598114
        ],
        "lr": [
            