{
    "resnet50": {
        "lr": [
            0.0005000000237487257,
            0.0005000000237487257,
            0.0005000000237487257,
            0.0005000000237487257,
            0.0005000000237487257,
            0.0005000000237487257,
            0.0005000000237487257,
            0.0005000000237487257,
            0.0005000000237487257,
            0.0005000000237487257,
            4.999999873689376e-05,
            4.999999873689376e-05,
            4.999999873689376e-05,
            4.999999873689376e-05,
            4.999999873689376e-05
        ],
        "loss": [
            0.32661086320877075,
            0.3175815939903259,
            0.3152240514755249,
            0.3138725757598877,
            0.3128519058227539,
            0.312094509601593,
            0.31131696701049805,
            0.3107501268386841,
            0.3102014362812042,
            0.30965498089790344,
            0.31107449531555176,
            0.30701133608818054,
            0.30479326844215393,
            0.3035672605037689,
            0.30228468775749207
        ],
        "val_accuracy": [
            0.09822239726781845,
            0.14350590109825134,
            0.11106786131858826,
            0.10678603500127792,
            0.152069553732872,
            0.12261580675840378,
            0.13481250405311584,
            0.11794472485780716,
            0.12560009956359863,
            0.1272868812084198,
            0.12300506234169006,
            0.14636045694351196,
            0.15362657606601715,
            0.14687946438789368,
            0.1593356728553772
        ],
        "accuracy": [
            0.07648693770170212,
            0.10505836457014084,
            0.11489716172218323,
            0.11717621237039566,
            0.12106726318597794,
            0.12501390278339386,
            0.12929405272006989,
            0.13226792216300964,
            0.13079488277435303,
            0.13179543614387512,
            0.12826570868492126,
            0.14057810604572296,
            0.14894385635852814,
            0.15466925501823425,
            0.1565036177635193
        ],
        "val_loss": [
            0.31584087014198303,
            0.3127932846546173,
            0.31134313344955444,
            0.310624361038208,
            0.31116732954978943,
            0.3101138770580292,
            0.31072965264320374,
            0.3071296215057373,
            0.30765271186828613,
            0.3102416396141052,
            0.3085351586341858,
            0.30465537309646606,
            0.3018415868282318,
            0.3036423921585083,
            0.30008599162101746
        ]
    },
    "densenet121": {
        "lr": [
            0.0005000000237487257,
            0.0005000000237487257,
            0.0005000000237487257,
            0.0005000000237487257,
            0.0005000000237487257,
            0.0005000000237487257,
            0.0005000000237487257,
            0.0005000000237487257,
            0.0005000000237487257,
            0.0005000000237487257,
            4.999999873689376e-05,
            4.999999873689376e-05,
            4.999999873689376e-05,
            4.999999873689376e-05,
            4.999999873689376e-05
        ],
        "loss": [
            0.3069852590560913,
            0.2916122078895569,
            0.28586581349372864,
            0.28139162063598633,
            0.2780512571334839,
            0.27423590421676636,
            0.2707056999206543,
            0.26815107464790344,
            0.26472437381744385,
            0.2609544098377228,
            0.2513415217399597,
            0.24619604647159576,
            0.24285843968391418,
            0.23917435109615326,
            0.23631253838539124
        ],
        "val_accuracy": [
            0.16595302522182465,
            0.20202413201332092,
            0.21006876230239868,
            0.21603736281394958,
            0.21227455139160156,
            0.23407292366027832,
            0.2380952388048172,
            0.2495134323835373,
            0.2513299584388733,
            0.2563903033733368,
            0.2775399088859558,
            0.28000518679618835,
            0.2885688245296478,
            0.29090437293052673,
            0.2898663580417633
        ],
        "accuracy": [
            0.15144525468349457,
            0.18438021838665009,
            0.1950250118970871,
            0.20672595500946045,
            0.21289604902267456,
            0.22473596036434174,
            0.23674263060092926,
            0.2399110645055771,
            0.24469149112701416,
            0.2513340711593628,
            0.2728460133075714,
            0.28585323691368103,
            0.2946915030479431,
            0.30225124955177307,
            0.30444690585136414
        ],
        "val_loss": [
            0.2907799482345581,
            0.2818911075592041,
            0.27992889285087585,
            0.2774779200553894,
            0.27554386854171753,
            0.2714916467666626,
            0.2665562331676483,
            0.26476311683654785,
            0.26289916038513184,
            0.259812593460083,
            0.25310584902763367,
            0.2509140074253082,
            0.2485535889863968,
            0.2457183599472046,
            0.2443445771932602
        ]
    },
    "mobilenetv2": {
        "lr": [
            0.0005000000237487257,
            0.0005000000237487257,
            0.0005000000237487257,
            0.0005000000237487257,
            0.0005000000237487257,
            0.0005000000237487257,
            0.0005000000237487257,
            0.0005000000237487257,
            0.0005000000237487257,
            0.0005000000237487257,
            4.999999873689376e-05,
            4.999999873689376e-05,
            4.999999873689376e-05,
            4.999999873689376e-05,
            4.999999873689376e-05
        ],
        "loss": [
            0.2974567115306854,
            0.2786695957183838,
            0.2711358666419983,
            0.2661494314670563,
            0.2617384195327759,
            0.25812360644340515,
            0.2538418173789978,
            0.25006166100502014,
            0.24757468700408936,
            0.24376842379570007,
            0.2557857036590576,
            0.24275356531143188,
            0.2350122034549713,
            0.22846996784210205,
            0.22208896279335022
        ],
        "val_accuracy": [
            0.2572985589504242,
            0.26715973019599915,
            0.23835474252700806,
            0.27273908257484436,
            0.2720903158187866,
            0.28052419424057007,
            0.29012584686279297,
            0.2875308096408844,
            0.28649279475212097,
            0.2984299957752228,
            0.29427793622016907,
            0.2842870056629181,
            0.29648372530937195,
            0.31387051939964294,
            0.3072531521320343
        ],
        "accuracy": [
            0.17909950017929077,
            0.22665369510650635,
            0.24210672080516815,
            0.25578099489212036,
            0.2628960609436035,
            0.26709282398223877,
            0.2779043912887573,
            0.2853807806968689,
            0.28565868735313416,
            0.29663702845573425,
            0.27078932523727417,
            0.29808226227760315,
            0.3163702189922333,
            0.3283490836620331,
            0.3421345055103302
        ],
        "val_loss": [
            0.2782537639141083,
            0.27013781666755676,
            0.26647451519966125,
            0.2629837989807129,
            0.26005610823631287,
            0.25730594992637634,
            0.25437644124031067,
            0.2516409456729889,
            0.25035998225212097,
            0.24962353706359863,
            0.24717138707637787,
            0.24580273032188416,
            0.24124465882778168,
            0.2388298660516739,
            0.23372799158096313
        ]
    },